"Issue Type","Summary","Description","Status","Priority","Component","Epic Name","Epic Link"
"Epic","Módulo de Autenticación y Seguridad","Épica orientada a la gestión de accesos, roles de usuario, registro público y políticas de seguridad de sesiones.","Por hacer","High","Seguridad","Autenticación y Seguridad",""
"Epic","Módulo de Administración de Miembros","Épica para la gestión integral de miembros (deportistas, maestros, administradores) y control de solicitudes de registro.","Por hacer","High","Administración","Administración de Miembros",""
"Epic","Módulo de Estudio Teórico y Ascensos","Épica para la gestión y visualización de material teórico de Taekwondo (poomses, terminología) y solicitudes de ascenso de grado.","Por hacer","Medium","Académico","Estudio y Ascensos",""
"Epic","Módulo de Sedes y Perfiles Públicos","Épica para la administración de sedes físicas y configuración de perfiles públicos de instructores.","Por hacer","Medium","Administración","Sedes y Maestros",""
"Epic","Módulo de Calendario y Eventos","Épica para la programación y visualización de eventos institucionales, torneos, seminarios y exámenes.","Por hacer","Low","Eventos","Calendario y Eventos",""
"Epic","Portal Web Público","Épica para el sitio web público del club (portal informativo, nosotros, instructores, sedes y galería).","Por hacer","Medium","Web Pública","Portal Web",""
"Story","Inicio de Sesión y Control de Roles","Como usuario registrado, quiero iniciar sesión con mi correo y contraseña para acceder al panel correspondiente a mi rol (Admin, Maestro, Deportista). Criterios: 1. Validación con password_verify (bcrypt). 2. Redirección según rol. 3. Mensajes claros en caso de credenciales inválidas o cuenta inactiva.","Por hacer","High","Seguridad","","Autenticación y Seguridad"
"Task","Implementar capas de seguridad en Security.php","Configurar verificación de sesión de 6 capas: timeout de 30 min por inactividad, detección de cambio de User-Agent, regeneración periódica de session ID y límite absoluto de sesión de 8 horas.","Por hacer","High","Seguridad","","Autenticación y Seguridad"
"Story","Registro Público de Deportistas","Como nuevo alumno, quiero registrarme desde la web pública con mis datos personales y médicos (EPS, RH) para solicitar mi ingreso al club. Criterios: 1. Crear persona con estado activo=0 (pendiente). 2. Cifrar contraseña con bcrypt. 3. Confirmación visual de registro enviado.","Por hacer","High","Seguridad","","Autenticación y Seguridad"
"Story","Aprobación y Rechazo de Registros","Como Administrador, quiero visualizar la lista de solicitudes de registro pendientes para aprobar o rechazar nuevos miembros. Criterios: 1. Vista de pendientes. 2. Acción Aprobar activa el usuario (activo=1). 3. Acción Rechazar elimina la solicitud de forma limpia.","Por hacer","High","Administración","","Administración de Miembros"
"Story","Gestión CRUD de Miembros","Como Administrador, quiero crear, listar, filtrar, editar y dar de baja miembros para mantener actualizado el padrón del club. Criterios: 1. Listado con filtros por sede, rol y estado. 2. Formulario completo con datos personales, deportivos y credenciales. 3. Paginación y búsqueda rápida.","Por hacer","High","Administración","","Administración de Miembros"
"Task","Módulo de subida y actualización de foto de perfil","Permitir cargar y recortar foto de perfil en el registro y edición de miembros, validando formatos (jpg, png, webp) y peso máximo.","Por hacer","Medium","Administración","","Administración de Miembros"
"Story","Gestión de Material Teórico por Grado","Como Administrador/Maestro, quiero subir y organizar contenido teórico (texto, PDFs, enlaces a video) asociado a cada cinturón. Criterios: 1. Clasificación por grados y tipos de teoría (general, poomse). 2. Edición y eliminación de temas.","Por hacer","Medium","Académico","","Estudio y Ascensos"
"Story","Zona de Estudio para Deportistas","Como Deportista, quiero ingresar a mi módulo de estudio para revisar el temario técnico y videos correspondientes a mi cinturón actual. Criterios: 1. Acceso restringido al temario del grado del alumno. 2. Reproductor de video integrado. 3. Interfaz adaptada a móviles.","Por hacer","Medium","Académico","","Estudio y Ascensos"
"Story","Gestión de Solicitudes de Ascenso de Grado","Como Maestro, quiero revisar las solicitudes de ascenso a nuevo cinturón y registrar el resultado de la evaluación. Criterios: 1. Registro de solicitud con fecha y notas. 2. Aprobación actualiza el grado del deportista en su perfil.","Por hacer","Medium","Académico","","Estudio y Ascensos"
"Story","Gestión CRUD de Sedes Físicas","Como Administrador, quiero crear y editar sedes físicas con dirección, teléfono y horarios de entrenamiento. Criterios: 1. Desvinculación segura de miembros antes de eliminar una sede. 2. Listado visible en la administración y en la web.","Por hacer","Medium","Administración","","Sedes y Maestros"
"Story","Configuración de Perfiles Públicos de Maestros","Como Administrador, quiero gestionar los perfiles de los instructores (logros, biografía, visibilidad) para destacarlos en el portal web. Criterios: 1. Toggle para mostrar/ocultar en la web pública. 2. Edición de biografía y fotografía.","Por hacer","Low","Administración","","Sedes y Maestros"
"Story","Gestión y Visualización de Calendario de Eventos","Como usuario (Admin, Maestro, Alumno), quiero consultar el calendario con torneos, exámenes y seminarios. Criterios: 1. Administrador puede crear, editar y borrar eventos con fecha inicio/fin. 2. Alumnos pueden ver los eventos en formato calendario mensual.","Por hacer","Low","Eventos","","Calendario y Eventos"
"Story","Diseño y Maquetación de la Landing Page Web","Como visitante, quiero ingresar a la página principal del club para conocer la propuesta formativa, horarios, sedes y noticias destacadas. Criterios: 1. Diseño responsivo y moderno. 2. Secciones claras de llamada a la acción (CTA) para registro y contacto.","Por hacer","Medium","Web Pública","","Portal Web"
"Task","Optimización SEO y metadatos del Portal Web","Configurar títulos dinámicos, meta descripciones, Open Graph tags para redes sociales y estructura semántica HTML5 en todas las páginas públicas.","Por hacer","Low","Web Pública","","Portal Web"
