,,,,,,,,,,,
,NOMBRE DEL ALUMNO,DOCUMENTO,FNC,GRADO,,DIVICION,PESO,CATEGORIA,CTGC,EPS,RH
,MAESTRO NELSON Y CRISTIAN,,,,,,,,,,
1,Jean Karlo García León,TI 1192466428,21/06/2011,,,13 años,48.0 kg,cadete,45 kg a 49 kg,sura,O+
2,Samuel Velásquez Sánchez ,TI 1023647991,06/07/2014,,,10 años,38 kg,Pre-cadete,Menos 38 kg,Sisbén,O+
3,Daniel Andrés Montoya Calle,TI 102194097,11/16/2016,,,10 años,"44,6 kg",Pre-cadete,41 kg a 45 kg ,N eps,O+
5,Miguel Ángel Bautista Monroy ,TI 1195214019,13/08/2013,,,13 años ,45 kg ,Cadete ,41kg a 45kg,sisben,A+
6,Daniel Pérez Sanmartín,TI1020226169,19/08/2001,,,14 años,"52,0 kg",junior,51kg a 55 kg,sura,O+
7,Juan Camilo Martínez Sanmartín,TI 1020229154,18/01/2013,,,13 años,37 kg,cadetes,33 kg a 37 kg  ,sura,A+
8,Salome Taborda Pabón,TI 1020226181,20/08/2010,,,14 años,"67,7 kg",Junior,63 kg a 68 kg,savia,O+
9,Matías García León,TI 1033265504,17/04/2015,,,10 años,30 kg,pre-cadete,Menos 33 kg,sura,O+
10,Juan Pablo Betancourt Ospina ,TI 1017265346,13/04/2015,,,10 años,"42,3 kg ",pre-cadete,41 kg a 45 kg ,sura,O+
11,Juan Camilo Vega ,TI 1021937647,02/07/2015,,,10 años ,"44,3 kg ",pre-cadete,41a kg a 45 kg ,Sura ,O+
12,Danna Sofia Alfonso ,TI 1011405201,27/03/2012,BLANCO,,14 años ,"58,9 kg ",junior,55 kg a 58 kg,sura,O+
14,Samir Enrique Nava Martínez,TI 7235701,12/11/2009,,,15 años,70.8 kg,Junior,68 kg a 73kg,savia,O+
15,Matías Ochoa García,TI 1025661867,07/12/2010,,,14 años,53 kg,junior,51 kg a 55,Sura,O+
16,Maximiliano Carvajal Ruiz,TI10376553567,06/12/2014,,,11 años,40 kg,pre-cadete,37 kg a 41 kg,Sura,O+
17,Sofia Medina Castrillon,TI 1027741702,26/01/2010,,,15 años,56.4 kg,Junior,55 a 59 kg,Sura,O+
19,Dylan Andrés Gaviria Alvarez ,TI1233898589,21/05/2016,,,10 años ,27.8kg,Precadetes,Menos 29 kg,Mutual,A+
20,Santiago Andres Hernandez Torres,TI 1103755101,25/08/2015,,,10 años,27 kg ,pre-cadete,Menos 29,militar,O+
22,Smith Méndez Alvarez,TI 1032059029,02/07/2016,,,9 años,"34,2 kg ",pre-cadete,33 kg a 37 kg ,sura,A+
23,Aron David Loaiza Monroy ,TI 1422730,14/09/2010,,,15 años ,"63,3 kg ",junior,59 kg a 63 kg ,sura,O-
24,Juan Guillermo mejía Rivera  ,TI 1097503369,21/12/2010,,,15 años ,62 kg ,Junior ,59 kg a 63 kg ,uda,O-
25,Anderson Steven  Loaiza quintero ,CC 1033426095,24/03/2004,,,22 años ,60 kg ,Mayores ,54 kg a 58 kg ,nueva,O+
26,Nicolás Osorio Valencia ,TI 1054875293,05/11/2010,,,15 años   ,73 kg ,Junior ,68 kg a 73 kg ,sura,O+
27,Jerónimo Osorio Valencia  ,TI 1054882227,22/10/2013,,,12 años ,45 kg ,Cadete  ,41 kg a 45 kg ,sura,O+
28,Juan David Orrego Ossa ,CC 1020419153,08/02/2007,,,18 años,68 kg ,Mayores ,63 kg a 68 kg ,Savia ,A+
29,Sara Ríos Daza ,CC 1022152029,06/09/2010,,,15 años ,49 KG ,Junior ,46 kg a 49 kg ,ponal,O+
,Ana Sofía Hurtado Ocampo,TI 1036259874,19/05/2011,,,14 años ,68 kg ,Junior ,63 kg a 68 kg ,sura,O+
30,José Ignacio Marín Vélez ,TI 1232598435,04/01/2014,,,12 años ,"36,8 kg ",Cadetes ,33 kg a 37 kg,Total,O+
31,Marcelo Gabriel Marín Vázquez,TI 1232598435,08/09/2010,,,15 años,51kg,Junior ,48 kg a 51kg,Total,O+
32,Juan Camilo García Barba ,TI 1023637476,03/06/2009,,,16 años,89 kg ,junior,Mas 78 kg ,Savia ,A+
34,Samuel Cano Pulgarin ,TI 1033491933,14/05/2009,,,17 años ,55 kg ,Junior ,51 kg a 55 kg ,sura,O+
35,Hillary Gómez García ,TI119246017,03/11/2011,BLANCO,,14 años,"45, 5 kg ",junior,44 kg a 46 kg,sura,A-
36,Diego Fernando Salcedo Bonza ,TI 1096807375,04/03/2011,,,15 años ,60 kg ,junior,59 kg a 63 kg ,Sanita ,O+
37,Rubiangelys Sofía Camacho Figueroa,PPT6164279,11/017/2013,BLANCO,,13 años  ,50 kg ,Cadete ,47 kg a 51,Savia ,A+
37,Jeziel Abrahán Ruiz Figueroa ,TI 1087754585,26/05/2020,BLANCO,,5 años ,19 kg ,Baby taekwondo,Menos 21 kg ,savia,A+
38,,,,,,,,,,,
40,,,,,,,,,,,
41,,,,,,,,,,,
,POOMSAE  ANA,,,,,,,,,,
1,Ana Sofía Flores Guzmán,TI 1020224629,13/06/2008,,,16 años,53kg,junior,POOMSAE,sura,A-
2,Samuel Valencia Tabares,TI 1192467492,08/03/2012,,,12 años ,"40, 8",cadetes,POOMSAE,Sura,O+
3,Sarah Sofía Triviño Saavedra,TI 1094911412,19/02/2008,,,15 años,57kg,junior,POOMSAE,suri,O+
4,Ana Sofía Quiroz Puerta,TI 1021927403,02/07/2009,,,15 años ,47 kg ,Junior,POOMSAE,Sura,O+
5,Ismael Arboleda Gutiérrez,TI 1020123545,20/05/2015,,,10 años,37 kg ,Precadetes,POOMSAE,Sura,A+
6,Valeria Matiz Escudero,TI 1028141323,13/11/2008,,,15 años,63kg,junior,POOMSAE,sura,A+
8,Mariana Geraldo Rincon,TI 1027809885, 12/03/2011,,,13 años ,36kg ,junior,POOMSAE,sura,A+
9,Jimena Velásquez Ospina ,TI 1011594301,12/01/2009,,,17 años,70 kg ,junior,POOMSAE,nueva,AB
10,Luciana Pino Monsalve  ,TI1020122879,16/09/2014,,,11 años ,,Precadetes ,POOMSAE,sura,O+
11,Gabriela Almenares Fonegra ,TI 1020120658,23/02/2012,,,13 años ,47 kg ,cadete,POOMSAE,sura,O+
12,Ana Sofia Sánchez Agudelo,TI 1011222665,27/01/2013,,,,60 kg,cadetes,POOMSAE,Policía,
,,TI,,,,,,,,,
,,TI,,,,,,,,,
,,TI,,,,,,,,,
